{"left_hand_object": null, "right_hand_object": {"name": "Cup", "xmin": 404.31365966796875, "ymin": 193.4674835205078, "xmax": 523.77734375, "ymax": 386.63238525390625}, "right_hand_poisture": null, "left_hand_poisture": null}