{"left_hand_object": null, "right_hand_object": {"name": "Cell Phone", "xmin": 343.21173095703125, "ymin": 178.89422607421875, "xmax": 465.30078125, "ymax": 382.64056396484375}, "right_hand_poisture": null, "left_hand_poisture": null}